date,vix_open,vix_high,vix_low,vix_close
2024-10-01,"Ticker
^VIX    16.96
Name: 2024-10-01 00:00:00, dtype: float64","Ticker
^VIX    20.73
Name: 2024-10-01 00:00:00, dtype: float64","Ticker
^VIX    16.61
Name: 2024-10-01 00:00:00, dtype: float64",19.26
2024-10-02,"Ticker
^VIX    19.65
Name: 2024-10-02 00:00:00, dtype: float64","Ticker
^VIX    20.36
Name: 2024-10-02 00:00:00, dtype: float64","Ticker
^VIX    18.58
Name: 2024-10-02 00:00:00, dtype: float64",18.9
2024-10-03,"Ticker
^VIX    19.63
Name: 2024-10-03 00:00:00, dtype: float64","Ticker
^VIX    20.75
Name: 2024-10-03 00:00:00, dtype: float64","Ticker
^VIX    19.16
Name: 2024-10-03 00:00:00, dtype: float64",20.49
2024-10-04,"Ticker
^VIX    20.48
Name: 2024-10-04 00:00:00, dtype: float64","Ticker
^VIX    20.48
Name: 2024-10-04 00:00:00, dtype: float64","Ticker
^VIX    18.48
Name: 2024-10-04 00:00:00, dtype: float64",19.21
2024-10-07,"Ticker
^VIX    20.76
Name: 2024-10-07 00:00:00, dtype: float64","Ticker
^VIX    23.03
Name: 2024-10-07 00:00:00, dtype: float64","Ticker
^VIX    20.65
Name: 2024-10-07 00:00:00, dtype: float64",22.64
2024-10-08,"Ticker
^VIX    22.92
Name: 2024-10-08 00:00:00, dtype: float64","Ticker
^VIX    23.14
Name: 2024-10-08 00:00:00, dtype: float64","Ticker
^VIX    21.14
Name: 2024-10-08 00:00:00, dtype: float64",21.42
2024-10-09,"Ticker
^VIX    21.98
Name: 2024-10-09 00:00:00, dtype: float64","Ticker
^VIX    22.01
Name: 2024-10-09 00:00:00, dtype: float64","Ticker
^VIX    20.71
Name: 2024-10-09 00:00:00, dtype: float64",20.86
2024-10-10,"Ticker
^VIX    20.91
Name: 2024-10-10 00:00:00, dtype: float64","Ticker
^VIX    21.39
Name: 2024-10-10 00:00:00, dtype: float64","Ticker
^VIX    20.64
Name: 2024-10-10 00:00:00, dtype: float64",20.93
2024-10-11,"Ticker
^VIX    20.87
Name: 2024-10-11 00:00:00, dtype: float64","Ticker
^VIX    21.16
Name: 2024-10-11 00:00:00, dtype: float64","Ticker
^VIX    20.14
Name: 2024-10-11 00:00:00, dtype: float64",20.46
2024-10-14,"Ticker
^VIX    20.86
Name: 2024-10-14 00:00:00, dtype: float64","Ticker
^VIX    20.86
Name: 2024-10-14 00:00:00, dtype: float64","Ticker
^VIX    19.69
Name: 2024-10-14 00:00:00, dtype: float64",19.7
2024-10-15,"Ticker
^VIX    19.61
Name: 2024-10-15 00:00:00, dtype: float64","Ticker
^VIX    20.89
Name: 2024-10-15 00:00:00, dtype: float64","Ticker
^VIX    19.44
Name: 2024-10-15 00:00:00, dtype: float64",20.64
2024-10-16,"Ticker
^VIX    20.77
Name: 2024-10-16 00:00:00, dtype: float64","Ticker
^VIX    21.01
Name: 2024-10-16 00:00:00, dtype: float64","Ticker
^VIX    19.45
Name: 2024-10-16 00:00:00, dtype: float64",19.58
2024-10-17,"Ticker
^VIX    19.55
Name: 2024-10-17 00:00:00, dtype: float64","Ticker
^VIX    19.65
Name: 2024-10-17 00:00:00, dtype: float64","Ticker
^VIX    18.88
Name: 2024-10-17 00:00:00, dtype: float64",19.11
2024-10-18,"Ticker
^VIX    19.3
Name: 2024-10-18 00:00:00, dtype: float64","Ticker
^VIX    19.32
Name: 2024-10-18 00:00:00, dtype: float64","Ticker
^VIX    17.99
Name: 2024-10-18 00:00:00, dtype: float64",18.03
2024-10-21,"Ticker
^VIX    18.78
Name: 2024-10-21 00:00:00, dtype: float64","Ticker
^VIX    19.34
Name: 2024-10-21 00:00:00, dtype: float64","Ticker
^VIX    18.36
Name: 2024-10-21 00:00:00, dtype: float64",18.37
2024-10-22,"Ticker
^VIX    18.79
Name: 2024-10-22 00:00:00, dtype: float64","Ticker
^VIX    19.44
Name: 2024-10-22 00:00:00, dtype: float64","Ticker
^VIX    18.05
Name: 2024-10-22 00:00:00, dtype: float64",18.2
2024-10-23,"Ticker
^VIX    18.21
Name: 2024-10-23 00:00:00, dtype: float64","Ticker
^VIX    20.47
Name: 2024-10-23 00:00:00, dtype: float64","Ticker
^VIX    18.18
Name: 2024-10-23 00:00:00, dtype: float64",19.24
2024-10-24,"Ticker
^VIX    18.87
Name: 2024-10-24 00:00:00, dtype: float64","Ticker
^VIX    20.24
Name: 2024-10-24 00:00:00, dtype: float64","Ticker
^VIX    18.63
Name: 2024-10-24 00:00:00, dtype: float64",19.08
2024-10-25,"Ticker
^VIX    19.22
Name: 2024-10-25 00:00:00, dtype: float64","Ticker
^VIX    20.51
Name: 2024-10-25 00:00:00, dtype: float64","Ticker
^VIX    18.23
Name: 2024-10-25 00:00:00, dtype: float64",20.33
2024-10-28,"Ticker
^VIX    19.11
Name: 2024-10-28 00:00:00, dtype: float64","Ticker
^VIX    19.88
Name: 2024-10-28 00:00:00, dtype: float64","Ticker
^VIX    18.91
Name: 2024-10-28 00:00:00, dtype: float64",19.8
2024-10-29,"Ticker
^VIX    19.75
Name: 2024-10-29 00:00:00, dtype: float64","Ticker
^VIX    20.53
Name: 2024-10-29 00:00:00, dtype: float64","Ticker
^VIX    19.06
Name: 2024-10-29 00:00:00, dtype: float64",19.34
2024-10-30,"Ticker
^VIX    19.33
Name: 2024-10-30 00:00:00, dtype: float64","Ticker
^VIX    20.44
Name: 2024-10-30 00:00:00, dtype: float64","Ticker
^VIX    19.3
Name: 2024-10-30 00:00:00, dtype: float64",20.35
2024-10-31,"Ticker
^VIX    21.44
Name: 2024-10-31 00:00:00, dtype: float64","Ticker
^VIX    23.42
Name: 2024-10-31 00:00:00, dtype: float64","Ticker
^VIX    21.12
Name: 2024-10-31 00:00:00, dtype: float64",23.16
2024-11-01,"Ticker
^VIX    22.96
Name: 2024-11-01 00:00:00, dtype: float64","Ticker
^VIX    23.09
Name: 2024-11-01 00:00:00, dtype: float64","Ticker
^VIX    21.16
Name: 2024-11-01 00:00:00, dtype: float64",21.88
2024-11-04,"Ticker
^VIX    22.5
Name: 2024-11-04 00:00:00, dtype: float64","Ticker
^VIX    23.07
Name: 2024-11-04 00:00:00, dtype: float64","Ticker
^VIX    21.73
Name: 2024-11-04 00:00:00, dtype: float64",21.98
2024-11-05,"Ticker
^VIX    21.98
Name: 2024-11-05 00:00:00, dtype: float64","Ticker
^VIX    22.06
Name: 2024-11-05 00:00:00, dtype: float64","Ticker
^VIX    20.2
Name: 2024-11-05 00:00:00, dtype: float64",20.49
2024-11-06,"Ticker
^VIX    16.06
Name: 2024-11-06 00:00:00, dtype: float64","Ticker
^VIX    16.82
Name: 2024-11-06 00:00:00, dtype: float64","Ticker
^VIX    15.44
Name: 2024-11-06 00:00:00, dtype: float64",16.27
2024-11-07,"Ticker
^VIX    15.86
Name: 2024-11-07 00:00:00, dtype: float64","Ticker
^VIX    15.86
Name: 2024-11-07 00:00:00, dtype: float64","Ticker
^VIX    15.13
Name: 2024-11-07 00:00:00, dtype: float64",15.2
2024-11-08,"Ticker
^VIX    15.13
Name: 2024-11-08 00:00:00, dtype: float64","Ticker
^VIX    15.33
Name: 2024-11-08 00:00:00, dtype: float64","Ticker
^VIX    14.66
Name: 2024-11-08 00:00:00, dtype: float64",14.94
2024-11-11,"Ticker
^VIX    15.33
Name: 2024-11-11 00:00:00, dtype: float64","Ticker
^VIX    15.56
Name: 2024-11-11 00:00:00, dtype: float64","Ticker
^VIX    14.89
Name: 2024-11-11 00:00:00, dtype: float64",14.97
2024-11-12,"Ticker
^VIX    15.09
Name: 2024-11-12 00:00:00, dtype: float64","Ticker
^VIX    15.37
Name: 2024-11-12 00:00:00, dtype: float64","Ticker
^VIX    14.69
Name: 2024-11-12 00:00:00, dtype: float64",14.71
2024-11-13,"Ticker
^VIX    15.09
Name: 2024-11-13 00:00:00, dtype: float64","Ticker
^VIX    15.26
Name: 2024-11-13 00:00:00, dtype: float64","Ticker
^VIX    13.77
Name: 2024-11-13 00:00:00, dtype: float64",14.02
2024-11-14,"Ticker
^VIX    14.17
Name: 2024-11-14 00:00:00, dtype: float64","Ticker
^VIX    14.32
Name: 2024-11-14 00:00:00, dtype: float64","Ticker
^VIX    13.59
Name: 2024-11-14 00:00:00, dtype: float64",14.31
2024-11-15,"Ticker
^VIX    15.02
Name: 2024-11-15 00:00:00, dtype: float64","Ticker
^VIX    17.55
Name: 2024-11-15 00:00:00, dtype: float64","Ticker
^VIX    14.56
Name: 2024-11-15 00:00:00, dtype: float64",16.14
2024-11-18,"Ticker
^VIX    16.6
Name: 2024-11-18 00:00:00, dtype: float64","Ticker
^VIX    17.0
Name: 2024-11-18 00:00:00, dtype: float64","Ticker
^VIX    15.35
Name: 2024-11-18 00:00:00, dtype: float64",15.58
2024-11-19,"Ticker
^VIX    15.44
Name: 2024-11-19 00:00:00, dtype: float64","Ticker
^VIX    17.93
Name: 2024-11-19 00:00:00, dtype: float64","Ticker
^VIX    15.37
Name: 2024-11-19 00:00:00, dtype: float64",16.35
2024-11-20,"Ticker
^VIX    16.19
Name: 2024-11-20 00:00:00, dtype: float64","Ticker
^VIX    18.79
Name: 2024-11-20 00:00:00, dtype: float64","Ticker
^VIX    16.04
Name: 2024-11-20 00:00:00, dtype: float64",17.16
2024-11-21,"Ticker
^VIX    17.1
Name: 2024-11-21 00:00:00, dtype: float64","Ticker
^VIX    17.99
Name: 2024-11-21 00:00:00, dtype: float64","Ticker
^VIX    15.73
Name: 2024-11-21 00:00:00, dtype: float64",16.87
2024-11-22,"Ticker
^VIX    16.67
Name: 2024-11-22 00:00:00, dtype: float64","Ticker
^VIX    17.56
Name: 2024-11-22 00:00:00, dtype: float64","Ticker
^VIX    15.24
Name: 2024-11-22 00:00:00, dtype: float64",15.24
2024-11-25,"Ticker
^VIX    15.23
Name: 2024-11-25 00:00:00, dtype: float64","Ticker
^VIX    15.72
Name: 2024-11-25 00:00:00, dtype: float64","Ticker
^VIX    14.54
Name: 2024-11-25 00:00:00, dtype: float64",14.6
2024-11-26,"Ticker
^VIX    14.95
Name: 2024-11-26 00:00:00, dtype: float64","Ticker
^VIX    15.03
Name: 2024-11-26 00:00:00, dtype: float64","Ticker
^VIX    13.88
Name: 2024-11-26 00:00:00, dtype: float64",14.1
2024-11-27,"Ticker
^VIX    14.28
Name: 2024-11-27 00:00:00, dtype: float64","Ticker
^VIX    15.13
Name: 2024-11-27 00:00:00, dtype: float64","Ticker
^VIX    13.96
Name: 2024-11-27 00:00:00, dtype: float64",14.1
2024-11-29,"Ticker
^VIX    14.0
Name: 2024-11-29 00:00:00, dtype: float64","Ticker
^VIX    14.15
Name: 2024-11-29 00:00:00, dtype: float64","Ticker
^VIX    13.49
Name: 2024-11-29 00:00:00, dtype: float64",13.51
2024-12-02,"Ticker
^VIX    14.08
Name: 2024-12-02 00:00:00, dtype: float64","Ticker
^VIX    14.1
Name: 2024-12-02 00:00:00, dtype: float64","Ticker
^VIX    13.3
Name: 2024-12-02 00:00:00, dtype: float64",13.34
2024-12-03,"Ticker
^VIX    13.38
Name: 2024-12-03 00:00:00, dtype: float64","Ticker
^VIX    13.77
Name: 2024-12-03 00:00:00, dtype: float64","Ticker
^VIX    13.19
Name: 2024-12-03 00:00:00, dtype: float64",13.3
2024-12-04,"Ticker
^VIX    13.16
Name: 2024-12-04 00:00:00, dtype: float64","Ticker
^VIX    13.61
Name: 2024-12-04 00:00:00, dtype: float64","Ticker
^VIX    12.89
Name: 2024-12-04 00:00:00, dtype: float64",13.45
2024-12-05,"Ticker
^VIX    13.46
Name: 2024-12-05 00:00:00, dtype: float64","Ticker
^VIX    13.7
Name: 2024-12-05 00:00:00, dtype: float64","Ticker
^VIX    13.26
Name: 2024-12-05 00:00:00, dtype: float64",13.54
2024-12-06,"Ticker
^VIX    13.62
Name: 2024-12-06 00:00:00, dtype: float64","Ticker
^VIX    13.74
Name: 2024-12-06 00:00:00, dtype: float64","Ticker
^VIX    12.7
Name: 2024-12-06 00:00:00, dtype: float64",12.77
2024-12-09,"Ticker
^VIX    13.36
Name: 2024-12-09 00:00:00, dtype: float64","Ticker
^VIX    14.23
Name: 2024-12-09 00:00:00, dtype: float64","Ticker
^VIX    13.35
Name: 2024-12-09 00:00:00, dtype: float64",14.19
2024-12-10,"Ticker
^VIX    14.3
Name: 2024-12-10 00:00:00, dtype: float64","Ticker
^VIX    14.54
Name: 2024-12-10 00:00:00, dtype: float64","Ticker
^VIX    13.86
Name: 2024-12-10 00:00:00, dtype: float64",14.18
2024-12-11,"Ticker
^VIX    14.42
Name: 2024-12-11 00:00:00, dtype: float64","Ticker
^VIX    14.43
Name: 2024-12-11 00:00:00, dtype: float64","Ticker
^VIX    13.52
Name: 2024-12-11 00:00:00, dtype: float64",13.58
2024-12-12,"Ticker
^VIX    13.73
Name: 2024-12-12 00:00:00, dtype: float64","Ticker
^VIX    13.95
Name: 2024-12-12 00:00:00, dtype: float64","Ticker
^VIX    13.39
Name: 2024-12-12 00:00:00, dtype: float64",13.92
2024-12-13,"Ticker
^VIX    13.57
Name: 2024-12-13 00:00:00, dtype: float64","Ticker
^VIX    14.25
Name: 2024-12-13 00:00:00, dtype: float64","Ticker
^VIX    13.24
Name: 2024-12-13 00:00:00, dtype: float64",13.81
2024-12-16,"Ticker
^VIX    14.37
Name: 2024-12-16 00:00:00, dtype: float64","Ticker
^VIX    14.69
Name: 2024-12-16 00:00:00, dtype: float64","Ticker
^VIX    13.99
Name: 2024-12-16 00:00:00, dtype: float64",14.69
2024-12-17,"Ticker
^VIX    14.98
Name: 2024-12-17 00:00:00, dtype: float64","Ticker
^VIX    15.94
Name: 2024-12-17 00:00:00, dtype: float64","Ticker
^VIX    14.78
Name: 2024-12-17 00:00:00, dtype: float64",15.87
2024-12-18,"Ticker
^VIX    15.57
Name: 2024-12-18 00:00:00, dtype: float64","Ticker
^VIX    28.32
Name: 2024-12-18 00:00:00, dtype: float64","Ticker
^VIX    14.82
Name: 2024-12-18 00:00:00, dtype: float64",27.62
2024-12-19,"Ticker
^VIX    21.61
Name: 2024-12-19 00:00:00, dtype: float64","Ticker
^VIX    24.12
Name: 2024-12-19 00:00:00, dtype: float64","Ticker
^VIX    20.16
Name: 2024-12-19 00:00:00, dtype: float64",24.09
2024-12-20,"Ticker
^VIX    24.14
Name: 2024-12-20 00:00:00, dtype: float64","Ticker
^VIX    26.51
Name: 2024-12-20 00:00:00, dtype: float64","Ticker
^VIX    17.82
Name: 2024-12-20 00:00:00, dtype: float64",18.36
2024-12-23,"Ticker
^VIX    18.09
Name: 2024-12-23 00:00:00, dtype: float64","Ticker
^VIX    20.02
Name: 2024-12-23 00:00:00, dtype: float64","Ticker
^VIX    16.74
Name: 2024-12-23 00:00:00, dtype: float64",16.78
2024-12-24,"Ticker
^VIX    16.97
Name: 2024-12-24 00:00:00, dtype: float64","Ticker
^VIX    17.04
Name: 2024-12-24 00:00:00, dtype: float64","Ticker
^VIX    14.27
Name: 2024-12-24 00:00:00, dtype: float64",14.27
2024-12-26,"Ticker
^VIX    14.99
Name: 2024-12-26 00:00:00, dtype: float64","Ticker
^VIX    15.93
Name: 2024-12-26 00:00:00, dtype: float64","Ticker
^VIX    14.55
Name: 2024-12-26 00:00:00, dtype: float64",14.73
2024-12-27,"Ticker
^VIX    15.38
Name: 2024-12-27 00:00:00, dtype: float64","Ticker
^VIX    18.45
Name: 2024-12-27 00:00:00, dtype: float64","Ticker
^VIX    15.29
Name: 2024-12-27 00:00:00, dtype: float64",15.95
2024-12-30,"Ticker
^VIX    17.21
Name: 2024-12-30 00:00:00, dtype: float64","Ticker
^VIX    19.22
Name: 2024-12-30 00:00:00, dtype: float64","Ticker
^VIX    16.44
Name: 2024-12-30 00:00:00, dtype: float64",17.4
2024-12-31,"Ticker
^VIX    17.39
Name: 2024-12-31 00:00:00, dtype: float64","Ticker
^VIX    17.81
Name: 2024-12-31 00:00:00, dtype: float64","Ticker
^VIX    16.68
Name: 2024-12-31 00:00:00, dtype: float64",17.35
2025-01-02,"Ticker
^VIX    17.21
Name: 2025-01-02 00:00:00, dtype: float64","Ticker
^VIX    19.5
Name: 2025-01-02 00:00:00, dtype: float64","Ticker
^VIX    16.96
Name: 2025-01-02 00:00:00, dtype: float64",17.93
2025-01-03,"Ticker
^VIX    17.66
Name: 2025-01-03 00:00:00, dtype: float64","Ticker
^VIX    17.94
Name: 2025-01-03 00:00:00, dtype: float64","Ticker
^VIX    16.11
Name: 2025-01-03 00:00:00, dtype: float64",16.13
2025-01-06,"Ticker
^VIX    16.77
Name: 2025-01-06 00:00:00, dtype: float64","Ticker
^VIX    16.87
Name: 2025-01-06 00:00:00, dtype: float64","Ticker
^VIX    15.71
Name: 2025-01-06 00:00:00, dtype: float64",16.04
2025-01-07,"Ticker
^VIX    16.48
Name: 2025-01-07 00:00:00, dtype: float64","Ticker
^VIX    18.9
Name: 2025-01-07 00:00:00, dtype: float64","Ticker
^VIX    15.79
Name: 2025-01-07 00:00:00, dtype: float64",17.82
2025-01-08,"Ticker
^VIX    17.91
Name: 2025-01-08 00:00:00, dtype: float64","Ticker
^VIX    19.5
Name: 2025-01-08 00:00:00, dtype: float64","Ticker
^VIX    17.37
Name: 2025-01-08 00:00:00, dtype: float64",17.7
2025-01-10,"Ticker
^VIX    18.29
Name: 2025-01-10 00:00:00, dtype: float64","Ticker
^VIX    20.31
Name: 2025-01-10 00:00:00, dtype: float64","Ticker
^VIX    18.05
Name: 2025-01-10 00:00:00, dtype: float64",19.54
2025-01-13,"Ticker
^VIX    21.18
Name: 2025-01-13 00:00:00, dtype: float64","Ticker
^VIX    22.04
Name: 2025-01-13 00:00:00, dtype: float64","Ticker
^VIX    19.15
Name: 2025-01-13 00:00:00, dtype: float64",19.19
2025-01-14,"Ticker
^VIX    18.79
Name: 2025-01-14 00:00:00, dtype: float64","Ticker
^VIX    19.66
Name: 2025-01-14 00:00:00, dtype: float64","Ticker
^VIX    18.24
Name: 2025-01-14 00:00:00, dtype: float64",18.71
2025-01-15,"Ticker
^VIX    19.08
Name: 2025-01-15 00:00:00, dtype: float64","Ticker
^VIX    19.14
Name: 2025-01-15 00:00:00, dtype: float64","Ticker
^VIX    15.96
Name: 2025-01-15 00:00:00, dtype: float64",16.12
2025-01-16,"Ticker
^VIX    15.87
Name: 2025-01-16 00:00:00, dtype: float64","Ticker
^VIX    16.6
Name: 2025-01-16 00:00:00, dtype: float64","Ticker
^VIX    15.64
Name: 2025-01-16 00:00:00, dtype: float64",16.6
2025-01-17,"Ticker
^VIX    16.19
Name: 2025-01-17 00:00:00, dtype: float64","Ticker
^VIX    16.23
Name: 2025-01-17 00:00:00, dtype: float64","Ticker
^VIX    15.53
Name: 2025-01-17 00:00:00, dtype: float64",15.97
2025-01-21,"Ticker
^VIX    16.29
Name: 2025-01-21 00:00:00, dtype: float64","Ticker
^VIX    16.29
Name: 2025-01-21 00:00:00, dtype: float64","Ticker
^VIX    14.93
Name: 2025-01-21 00:00:00, dtype: float64",15.06
2025-01-22,"Ticker
^VIX    14.89
Name: 2025-01-22 00:00:00, dtype: float64","Ticker
^VIX    15.29
Name: 2025-01-22 00:00:00, dtype: float64","Ticker
^VIX    14.59
Name: 2025-01-22 00:00:00, dtype: float64",15.1
2025-01-23,"Ticker
^VIX    15.28
Name: 2025-01-23 00:00:00, dtype: float64","Ticker
^VIX    15.39
Name: 2025-01-23 00:00:00, dtype: float64","Ticker
^VIX    14.59
Name: 2025-01-23 00:00:00, dtype: float64",15.02
2025-01-24,"Ticker
^VIX    15.02
Name: 2025-01-24 00:00:00, dtype: float64","Ticker
^VIX    15.16
Name: 2025-01-24 00:00:00, dtype: float64","Ticker
^VIX    14.58
Name: 2025-01-24 00:00:00, dtype: float64",14.85
2025-01-27,"Ticker
^VIX    18.83
Name: 2025-01-27 00:00:00, dtype: float64","Ticker
^VIX    22.51
Name: 2025-01-27 00:00:00, dtype: float64","Ticker
^VIX    17.57
Name: 2025-01-27 00:00:00, dtype: float64",17.9
2025-01-28,"Ticker
^VIX    18.29
Name: 2025-01-28 00:00:00, dtype: float64","Ticker
^VIX    18.39
Name: 2025-01-28 00:00:00, dtype: float64","Ticker
^VIX    16.25
Name: 2025-01-28 00:00:00, dtype: float64",16.41
2025-01-29,"Ticker
^VIX    16.42
Name: 2025-01-29 00:00:00, dtype: float64","Ticker
^VIX    18.08
Name: 2025-01-29 00:00:00, dtype: float64","Ticker
^VIX    16.17
Name: 2025-01-29 00:00:00, dtype: float64",16.56
2025-01-30,"Ticker
^VIX    15.93
Name: 2025-01-30 00:00:00, dtype: float64","Ticker
^VIX    16.42
Name: 2025-01-30 00:00:00, dtype: float64","Ticker
^VIX    15.32
Name: 2025-01-30 00:00:00, dtype: float64",15.84
2025-01-31,"Ticker
^VIX    15.45
Name: 2025-01-31 00:00:00, dtype: float64","Ticker
^VIX    17.09
Name: 2025-01-31 00:00:00, dtype: float64","Ticker
^VIX    14.9
Name: 2025-01-31 00:00:00, dtype: float64",16.43
2025-02-03,"Ticker
^VIX    20.36
Name: 2025-02-03 00:00:00, dtype: float64","Ticker
^VIX    20.42
Name: 2025-02-03 00:00:00, dtype: float64","Ticker
^VIX    17.66
Name: 2025-02-03 00:00:00, dtype: float64",18.62
2025-02-04,"Ticker
^VIX    18.78
Name: 2025-02-04 00:00:00, dtype: float64","Ticker
^VIX    19.11
Name: 2025-02-04 00:00:00, dtype: float64","Ticker
^VIX    16.78
Name: 2025-02-04 00:00:00, dtype: float64",17.21
2025-02-05,"Ticker
^VIX    17.54
Name: 2025-02-05 00:00:00, dtype: float64","Ticker
^VIX    17.75
Name: 2025-02-05 00:00:00, dtype: float64","Ticker
^VIX    15.77
Name: 2025-02-05 00:00:00, dtype: float64",15.77
2025-02-06,"Ticker
^VIX    15.88
Name: 2025-02-06 00:00:00, dtype: float64","Ticker
^VIX    16.15
Name: 2025-02-06 00:00:00, dtype: float64","Ticker
^VIX    14.99
Name: 2025-02-06 00:00:00, dtype: float64",15.5
2025-02-07,"Ticker
^VIX    15.38
Name: 2025-02-07 00:00:00, dtype: float64","Ticker
^VIX    16.66
Name: 2025-02-07 00:00:00, dtype: float64","Ticker
^VIX    14.79
Name: 2025-02-07 00:00:00, dtype: float64",16.54
2025-02-10,"Ticker
^VIX    16.58
Name: 2025-02-10 00:00:00, dtype: float64","Ticker
^VIX    16.61
Name: 2025-02-10 00:00:00, dtype: float64","Ticker
^VIX    15.7
Name: 2025-02-10 00:00:00, dtype: float64",15.81
2025-02-11,"Ticker
^VIX    16.13
Name: 2025-02-11 00:00:00, dtype: float64","Ticker
^VIX    16.42
Name: 2025-02-11 00:00:00, dtype: float64","Ticker
^VIX    15.75
Name: 2025-02-11 00:00:00, dtype: float64",16.02
2025-02-12,"Ticker
^VIX    15.91
Name: 2025-02-12 00:00:00, dtype: float64","Ticker
^VIX    17.18
Name: 2025-02-12 00:00:00, dtype: float64","Ticker
^VIX    15.64
Name: 2025-02-12 00:00:00, dtype: float64",15.89
2025-02-13,"Ticker
^VIX    15.97
Name: 2025-02-13 00:00:00, dtype: float64","Ticker
^VIX    16.33
Name: 2025-02-13 00:00:00, dtype: float64","Ticker
^VIX    14.98
Name: 2025-02-13 00:00:00, dtype: float64",15.1
2025-02-14,"Ticker
^VIX    15.08
Name: 2025-02-14 00:00:00, dtype: float64","Ticker
^VIX    15.42
Name: 2025-02-14 00:00:00, dtype: float64","Ticker
^VIX    14.74
Name: 2025-02-14 00:00:00, dtype: float64",14.77
2025-02-18,"Ticker
^VIX    15.57
Name: 2025-02-18 00:00:00, dtype: float64","Ticker
^VIX    16.03
Name: 2025-02-18 00:00:00, dtype: float64","Ticker
^VIX    15.35
Name: 2025-02-18 00:00:00, dtype: float64",15.35
2025-02-19,"Ticker
^VIX    15.14
Name: 2025-02-19 00:00:00, dtype: float64","Ticker
^VIX    15.96
Name: 2025-02-19 00:00:00, dtype: float64","Ticker
^VIX    15.05
Name: 2025-02-19 00:00:00, dtype: float64",15.27
2025-02-20,"Ticker
^VIX    15.61
Name: 2025-02-20 00:00:00, dtype: float64","Ticker
^VIX    16.63
Name: 2025-02-20 00:00:00, dtype: float64","Ticker
^VIX    15.12
Name: 2025-02-20 00:00:00, dtype: float64",15.66
2025-02-21,"Ticker
^VIX    15.63
Name: 2025-02-21 00:00:00, dtype: float64","Ticker
^VIX    19.03
Name: 2025-02-21 00:00:00, dtype: float64","Ticker
^VIX    15.28
Name: 2025-02-21 00:00:00, dtype: float64",18.21
2025-02-24,"Ticker
^VIX    18.08
Name: 2025-02-24 00:00:00, dtype: float64","Ticker
^VIX    20.24
Name: 2025-02-24 00:00:00, dtype: float64","Ticker
^VIX    17.31
Name: 2025-02-24 00:00:00, dtype: float64",18.98
2025-02-25,"Ticker
^VIX    19.09
Name: 2025-02-25 00:00:00, dtype: float64","Ticker
^VIX    21.48
Name: 2025-02-25 00:00:00, dtype: float64","Ticker
^VIX    18.85
Name: 2025-02-25 00:00:00, dtype: float64",19.43
2025-02-26,"Ticker
^VIX    18.96
Name: 2025-02-26 00:00:00, dtype: float64","Ticker
^VIX    20.06
Name: 2025-02-26 00:00:00, dtype: float64","Ticker
^VIX    17.83
Name: 2025-02-26 00:00:00, dtype: float64",19.1
2025-02-27,"Ticker
^VIX    18.25
Name: 2025-02-27 00:00:00, dtype: float64","Ticker
^VIX    21.47
Name: 2025-02-27 00:00:00, dtype: float64","Ticker
^VIX    17.67
Name: 2025-02-27 00:00:00, dtype: float64",21.13
2025-02-28,"Ticker
^VIX    21.21
Name: 2025-02-28 00:00:00, dtype: float64","Ticker
^VIX    22.4
Name: 2025-02-28 00:00:00, dtype: float64","Ticker
^VIX    19.05
Name: 2025-02-28 00:00:00, dtype: float64",19.63
2025-03-03,"Ticker
^VIX    19.83
Name: 2025-03-03 00:00:00, dtype: float64","Ticker
^VIX    24.31
Name: 2025-03-03 00:00:00, dtype: float64","Ticker
^VIX    19.25
Name: 2025-03-03 00:00:00, dtype: float64",22.78
2025-03-04,"Ticker
^VIX    22.96
Name: 2025-03-04 00:00:00, dtype: float64","Ticker
^VIX    26.35
Name: 2025-03-04 00:00:00, dtype: float64","Ticker
^VIX    21.71
Name: 2025-03-04 00:00:00, dtype: float64",23.51
2025-03-05,"Ticker
^VIX    23.03
Name: 2025-03-05 00:00:00, dtype: float64","Ticker
^VIX    24.84
Name: 2025-03-05 00:00:00, dtype: float64","Ticker
^VIX    21.37
Name: 2025-03-05 00:00:00, dtype: float64",21.93
2025-03-06,"Ticker
^VIX    22.6
Name: 2025-03-06 00:00:00, dtype: float64","Ticker
^VIX    25.92
Name: 2025-03-06 00:00:00, dtype: float64","Ticker
^VIX    22.39
Name: 2025-03-06 00:00:00, dtype: float64",24.87
2025-03-07,"Ticker
^VIX    24.85
Name: 2025-03-07 00:00:00, dtype: float64","Ticker
^VIX    26.56
Name: 2025-03-07 00:00:00, dtype: float64","Ticker
^VIX    23.09
Name: 2025-03-07 00:00:00, dtype: float64",23.37
2025-03-10,"Ticker
^VIX    24.7
Name: 2025-03-10 00:00:00, dtype: float64","Ticker
^VIX    29.56
Name: 2025-03-10 00:00:00, dtype: float64","Ticker
^VIX    24.68
Name: 2025-03-10 00:00:00, dtype: float64",27.86
2025-03-11,"Ticker
^VIX    27.94
Name: 2025-03-11 00:00:00, dtype: float64","Ticker
^VIX    29.57
Name: 2025-03-11 00:00:00, dtype: float64","Ticker
^VIX    26.18
Name: 2025-03-11 00:00:00, dtype: float64",26.92
2025-03-12,"Ticker
^VIX    26.88
Name: 2025-03-12 00:00:00, dtype: float64","Ticker
^VIX    26.91
Name: 2025-03-12 00:00:00, dtype: float64","Ticker
^VIX    23.89
Name: 2025-03-12 00:00:00, dtype: float64",24.23
2025-03-13,"Ticker
^VIX    24.92
Name: 2025-03-13 00:00:00, dtype: float64","Ticker
^VIX    26.13
Name: 2025-03-13 00:00:00, dtype: float64","Ticker
^VIX    23.46
Name: 2025-03-13 00:00:00, dtype: float64",24.66
2025-03-14,"Ticker
^VIX    24.35
Name: 2025-03-14 00:00:00, dtype: float64","Ticker
^VIX    24.36
Name: 2025-03-14 00:00:00, dtype: float64","Ticker
^VIX    21.48
Name: 2025-03-14 00:00:00, dtype: float64",21.77
2025-03-17,"Ticker
^VIX    22.89
Name: 2025-03-17 00:00:00, dtype: float64","Ticker
^VIX    22.95
Name: 2025-03-17 00:00:00, dtype: float64","Ticker
^VIX    20.32
Name: 2025-03-17 00:00:00, dtype: float64",20.51
2025-03-18,"Ticker
^VIX    20.83
Name: 2025-03-18 00:00:00, dtype: float64","Ticker
^VIX    22.57
Name: 2025-03-18 00:00:00, dtype: float64","Ticker
^VIX    20.41
Name: 2025-03-18 00:00:00, dtype: float64",21.7
2025-03-19,"Ticker
^VIX    21.84
Name: 2025-03-19 00:00:00, dtype: float64","Ticker
^VIX    22.1
Name: 2025-03-19 00:00:00, dtype: float64","Ticker
^VIX    19.42
Name: 2025-03-19 00:00:00, dtype: float64",19.9
2025-03-20,"Ticker
^VIX    19.52
Name: 2025-03-20 00:00:00, dtype: float64","Ticker
^VIX    21.17
Name: 2025-03-20 00:00:00, dtype: float64","Ticker
^VIX    19.3
Name: 2025-03-20 00:00:00, dtype: float64",19.8
2025-03-21,"Ticker
^VIX    20.02
Name: 2025-03-21 00:00:00, dtype: float64","Ticker
^VIX    21.14
Name: 2025-03-21 00:00:00, dtype: float64","Ticker
^VIX    19.15
Name: 2025-03-21 00:00:00, dtype: float64",19.28
2025-03-24,"Ticker
^VIX    19.13
Name: 2025-03-24 00:00:00, dtype: float64","Ticker
^VIX    19.14
Name: 2025-03-24 00:00:00, dtype: float64","Ticker
^VIX    17.46
Name: 2025-03-24 00:00:00, dtype: float64",17.48
2025-03-25,"Ticker
^VIX    17.58
Name: 2025-03-25 00:00:00, dtype: float64","Ticker
^VIX    17.77
Name: 2025-03-25 00:00:00, dtype: float64","Ticker
^VIX    17.02
Name: 2025-03-25 00:00:00, dtype: float64",17.15
2025-03-26,"Ticker
^VIX    17.23
Name: 2025-03-26 00:00:00, dtype: float64","Ticker
^VIX    19.07
Name: 2025-03-26 00:00:00, dtype: float64","Ticker
^VIX    16.97
Name: 2025-03-26 00:00:00, dtype: float64",18.33
2025-03-27,"Ticker
^VIX    18.36
Name: 2025-03-27 00:00:00, dtype: float64","Ticker
^VIX    19.28
Name: 2025-03-27 00:00:00, dtype: float64","Ticker
^VIX    17.95
Name: 2025-03-27 00:00:00, dtype: float64",18.69
2025-03-28,"Ticker
^VIX    19.08
Name: 2025-03-28 00:00:00, dtype: float64","Ticker
^VIX    22.18
Name: 2025-03-28 00:00:00, dtype: float64","Ticker
^VIX    18.92
Name: 2025-03-28 00:00:00, dtype: float64",21.65
2025-03-31,"Ticker
^VIX    24.11
Name: 2025-03-31 00:00:00, dtype: float64","Ticker
^VIX    24.8
Name: 2025-03-31 00:00:00, dtype: float64","Ticker
^VIX    21.67
Name: 2025-03-31 00:00:00, dtype: float64",22.28
2025-04-01,"Ticker
^VIX    22.06
Name: 2025-04-01 00:00:00, dtype: float64","Ticker
^VIX    23.52
Name: 2025-04-01 00:00:00, dtype: float64","Ticker
^VIX    21.58
Name: 2025-04-01 00:00:00, dtype: float64",21.77
2025-04-02,"Ticker
^VIX    22.3
Name: 2025-04-02 00:00:00, dtype: float64","Ticker
^VIX    23.66
Name: 2025-04-02 00:00:00, dtype: float64","Ticker
^VIX    20.68
Name: 2025-04-02 00:00:00, dtype: float64",21.51
2025-04-03,"Ticker
^VIX    26.38
Name: 2025-04-03 00:00:00, dtype: float64","Ticker
^VIX    30.02
Name: 2025-04-03 00:00:00, dtype: float64","Ticker
^VIX    24.93
Name: 2025-04-03 00:00:00, dtype: float64",30.02
2025-04-04,"Ticker
^VIX    30.12
Name: 2025-04-04 00:00:00, dtype: float64","Ticker
^VIX    45.61
Name: 2025-04-04 00:00:00, dtype: float64","Ticker
^VIX    29.99
Name: 2025-04-04 00:00:00, dtype: float64",45.31
2025-04-07,"Ticker
^VIX    60.13
Name: 2025-04-07 00:00:00, dtype: float64","Ticker
^VIX    60.13
Name: 2025-04-07 00:00:00, dtype: float64","Ticker
^VIX    38.58
Name: 2025-04-07 00:00:00, dtype: float64",46.98
2025-04-08,"Ticker
^VIX    44.04
Name: 2025-04-08 00:00:00, dtype: float64","Ticker
^VIX    57.52
Name: 2025-04-08 00:00:00, dtype: float64","Ticker
^VIX    36.48
Name: 2025-04-08 00:00:00, dtype: float64",52.33
2025-04-09,"Ticker
^VIX    50.98
Name: 2025-04-09 00:00:00, dtype: float64","Ticker
^VIX    57.96
Name: 2025-04-09 00:00:00, dtype: float64","Ticker
^VIX    31.9
Name: 2025-04-09 00:00:00, dtype: float64",33.62
2025-04-10,"Ticker
^VIX    34.44
Name: 2025-04-10 00:00:00, dtype: float64","Ticker
^VIX    54.87
Name: 2025-04-10 00:00:00, dtype: float64","Ticker
^VIX    34.44
Name: 2025-04-10 00:00:00, dtype: float64",40.72
2025-04-11,"Ticker
^VIX    40.8
Name: 2025-04-11 00:00:00, dtype: float64","Ticker
^VIX    46.12
Name: 2025-04-11 00:00:00, dtype: float64","Ticker
^VIX    36.85
Name: 2025-04-11 00:00:00, dtype: float64",37.56
2025-04-14,"Ticker
^VIX    34.76
Name: 2025-04-14 00:00:00, dtype: float64","Ticker
^VIX    35.17
Name: 2025-04-14 00:00:00, dtype: float64","Ticker
^VIX    29.75
Name: 2025-04-14 00:00:00, dtype: float64",30.89
2025-04-15,"Ticker
^VIX    30.01
Name: 2025-04-15 00:00:00, dtype: float64","Ticker
^VIX    31.45
Name: 2025-04-15 00:00:00, dtype: float64","Ticker
^VIX    28.29
Name: 2025-04-15 00:00:00, dtype: float64",30.12
2025-04-16,"Ticker
^VIX    33.24
Name: 2025-04-16 00:00:00, dtype: float64","Ticker
^VIX    34.96
Name: 2025-04-16 00:00:00, dtype: float64","Ticker
^VIX    29.48
Name: 2025-04-16 00:00:00, dtype: float64",32.64
2025-04-17,"Ticker
^VIX    30.79
Name: 2025-04-17 00:00:00, dtype: float64","Ticker
^VIX    32.55
Name: 2025-04-17 00:00:00, dtype: float64","Ticker
^VIX    29.57
Name: 2025-04-17 00:00:00, dtype: float64",29.65
2025-04-21,"Ticker
^VIX    32.75
Name: 2025-04-21 00:00:00, dtype: float64","Ticker
^VIX    35.75
Name: 2025-04-21 00:00:00, dtype: float64","Ticker
^VIX    31.79
Name: 2025-04-21 00:00:00, dtype: float64",33.82
2025-04-22,"Ticker
^VIX    32.61
Name: 2025-04-22 00:00:00, dtype: float64","Ticker
^VIX    32.68
Name: 2025-04-22 00:00:00, dtype: float64","Ticker
^VIX    30.08
Name: 2025-04-22 00:00:00, dtype: float64",30.57
2025-04-23,"Ticker
^VIX    28.75
Name: 2025-04-23 00:00:00, dtype: float64","Ticker
^VIX    30.29
Name: 2025-04-23 00:00:00, dtype: float64","Ticker
^VIX    27.11
Name: 2025-04-23 00:00:00, dtype: float64",28.45
2025-04-24,"Ticker
^VIX    28.69
Name: 2025-04-24 00:00:00, dtype: float64","Ticker
^VIX    29.66
Name: 2025-04-24 00:00:00, dtype: float64","Ticker
^VIX    26.36
Name: 2025-04-24 00:00:00, dtype: float64",26.47
2025-04-25,"Ticker
^VIX    26.22
Name: 2025-04-25 00:00:00, dtype: float64","Ticker
^VIX    27.2
Name: 2025-04-25 00:00:00, dtype: float64","Ticker
^VIX    24.84
Name: 2025-04-25 00:00:00, dtype: float64",24.84
2025-04-28,"Ticker
^VIX    25.75
Name: 2025-04-28 00:00:00, dtype: float64","Ticker
^VIX    26.93
Name: 2025-04-28 00:00:00, dtype: float64","Ticker
^VIX    24.7
Name: 2025-04-28 00:00:00, dtype: float64",25.15
2025-04-29,"Ticker
^VIX    24.76
Name: 2025-04-29 00:00:00, dtype: float64","Ticker
^VIX    25.99
Name: 2025-04-29 00:00:00, dtype: float64","Ticker
^VIX    23.76
Name: 2025-04-29 00:00:00, dtype: float64",24.17
2025-04-30,"Ticker
^VIX    24.35
Name: 2025-04-30 00:00:00, dtype: float64","Ticker
^VIX    28.17
Name: 2025-04-30 00:00:00, dtype: float64","Ticker
^VIX    24.23
Name: 2025-04-30 00:00:00, dtype: float64",24.7
2025-05-01,"Ticker
^VIX    23.94
Name: 2025-05-01 00:00:00, dtype: float64","Ticker
^VIX    25.18
Name: 2025-05-01 00:00:00, dtype: float64","Ticker
^VIX    23.3
Name: 2025-05-01 00:00:00, dtype: float64",24.6
2025-05-02,"Ticker
^VIX    23.63
Name: 2025-05-02 00:00:00, dtype: float64","Ticker
^VIX    24.32
Name: 2025-05-02 00:00:00, dtype: float64","Ticker
^VIX    22.34
Name: 2025-05-02 00:00:00, dtype: float64",22.68
2025-05-05,"Ticker
^VIX    24.25
Name: 2025-05-05 00:00:00, dtype: float64","Ticker
^VIX    24.63
Name: 2025-05-05 00:00:00, dtype: float64","Ticker
^VIX    22.81
Name: 2025-05-05 00:00:00, dtype: float64",23.64
2025-05-06,"Ticker
^VIX    23.97
Name: 2025-05-06 00:00:00, dtype: float64","Ticker
^VIX    25.11
Name: 2025-05-06 00:00:00, dtype: float64","Ticker
^VIX    23.9
Name: 2025-05-06 00:00:00, dtype: float64",24.76
2025-05-07,"Ticker
^VIX    24.56
Name: 2025-05-07 00:00:00, dtype: float64","Ticker
^VIX    25.62
Name: 2025-05-07 00:00:00, dtype: float64","Ticker
^VIX    23.29
Name: 2025-05-07 00:00:00, dtype: float64",23.55
2025-05-08,"Ticker
^VIX    22.84
Name: 2025-05-08 00:00:00, dtype: float64","Ticker
^VIX    23.61
Name: 2025-05-08 00:00:00, dtype: float64","Ticker
^VIX    21.88
Name: 2025-05-08 00:00:00, dtype: float64",22.48
2025-05-09,"Ticker
^VIX    22.4
Name: 2025-05-09 00:00:00, dtype: float64","Ticker
^VIX    22.82
Name: 2025-05-09 00:00:00, dtype: float64","Ticker
^VIX    21.83
Name: 2025-05-09 00:00:00, dtype: float64",21.9
2025-05-12,"Ticker
^VIX    19.84
Name: 2025-05-12 00:00:00, dtype: float64","Ticker
^VIX    20.44
Name: 2025-05-12 00:00:00, dtype: float64","Ticker
^VIX    18.14
Name: 2025-05-12 00:00:00, dtype: float64",18.39
2025-05-13,"Ticker
^VIX    18.69
Name: 2025-05-13 00:00:00, dtype: float64","Ticker
^VIX    18.85
Name: 2025-05-13 00:00:00, dtype: float64","Ticker
^VIX    17.65
Name: 2025-05-13 00:00:00, dtype: float64",18.22
2025-05-14,"Ticker
^VIX    18.1
Name: 2025-05-14 00:00:00, dtype: float64","Ticker
^VIX    18.82
Name: 2025-05-14 00:00:00, dtype: float64","Ticker
^VIX    18.06
Name: 2025-05-14 00:00:00, dtype: float64",18.62
2025-05-15,"Ticker
^VIX    19.19
Name: 2025-05-15 00:00:00, dtype: float64","Ticker
^VIX    19.38
Name: 2025-05-15 00:00:00, dtype: float64","Ticker
^VIX    17.77
Name: 2025-05-15 00:00:00, dtype: float64",17.83
2025-05-16,"Ticker
^VIX    17.96
Name: 2025-05-16 00:00:00, dtype: float64","Ticker
^VIX    17.96
Name: 2025-05-16 00:00:00, dtype: float64","Ticker
^VIX    17.15
Name: 2025-05-16 00:00:00, dtype: float64",17.24
2025-05-19,"Ticker
^VIX    19.84
Name: 2025-05-19 00:00:00, dtype: float64","Ticker
^VIX    19.92
Name: 2025-05-19 00:00:00, dtype: float64","Ticker
^VIX    17.92
Name: 2025-05-19 00:00:00, dtype: float64",18.14
2025-05-20,"Ticker
^VIX    18.46
Name: 2025-05-20 00:00:00, dtype: float64","Ticker
^VIX    18.68
Name: 2025-05-20 00:00:00, dtype: float64","Ticker
^VIX    17.7
Name: 2025-05-20 00:00:00, dtype: float64",18.09
2025-05-21,"Ticker
^VIX    18.77
Name: 2025-05-21 00:00:00, dtype: float64","Ticker
^VIX    21.05
Name: 2025-05-21 00:00:00, dtype: float64","Ticker
^VIX    17.77
Name: 2025-05-21 00:00:00, dtype: float64",20.87
2025-05-22,"Ticker
^VIX    20.62
Name: 2025-05-22 00:00:00, dtype: float64","Ticker
^VIX    22.07
Name: 2025-05-22 00:00:00, dtype: float64","Ticker
^VIX    19.64
Name: 2025-05-22 00:00:00, dtype: float64",20.28
2025-05-23,"Ticker
^VIX    20.14
Name: 2025-05-23 00:00:00, dtype: float64","Ticker
^VIX    25.53
Name: 2025-05-23 00:00:00, dtype: float64","Ticker
^VIX    19.83
Name: 2025-05-23 00:00:00, dtype: float64",22.29
2025-05-27,"Ticker
^VIX    20.63
Name: 2025-05-27 00:00:00, dtype: float64","Ticker
^VIX    21.01
Name: 2025-05-27 00:00:00, dtype: float64","Ticker
^VIX    18.95
Name: 2025-05-27 00:00:00, dtype: float64",18.96
2025-05-28,"Ticker
^VIX    19.21
Name: 2025-05-28 00:00:00, dtype: float64","Ticker
^VIX    19.43
Name: 2025-05-28 00:00:00, dtype: float64","Ticker
^VIX    18.68
Name: 2025-05-28 00:00:00, dtype: float64",19.31
2025-05-29,"Ticker
^VIX    18.25
Name: 2025-05-29 00:00:00, dtype: float64","Ticker
^VIX    20.2
Name: 2025-05-29 00:00:00, dtype: float64","Ticker
^VIX    18.11
Name: 2025-05-29 00:00:00, dtype: float64",19.18
2025-05-30,"Ticker
^VIX    19.61
Name: 2025-05-30 00:00:00, dtype: float64","Ticker
^VIX    20.55
Name: 2025-05-30 00:00:00, dtype: float64","Ticker
^VIX    18.57
Name: 2025-05-30 00:00:00, dtype: float64",18.57
2025-06-02,"Ticker
^VIX    19.81
Name: 2025-06-02 00:00:00, dtype: float64","Ticker
^VIX    20.45
Name: 2025-06-02 00:00:00, dtype: float64","Ticker
^VIX    18.36
Name: 2025-06-02 00:00:00, dtype: float64",18.36
2025-06-03,"Ticker
^VIX    18.83
Name: 2025-06-03 00:00:00, dtype: float64","Ticker
^VIX    19.21
Name: 2025-06-03 00:00:00, dtype: float64","Ticker
^VIX    17.64
Name: 2025-06-03 00:00:00, dtype: float64",17.69
2025-06-04,"Ticker
^VIX    17.68
Name: 2025-06-04 00:00:00, dtype: float64","Ticker
^VIX    18.07
Name: 2025-06-04 00:00:00, dtype: float64","Ticker
^VIX    17.41
Name: 2025-06-04 00:00:00, dtype: float64",17.61
2025-06-05,"Ticker
^VIX    17.68
Name: 2025-06-05 00:00:00, dtype: float64","Ticker
^VIX    18.8
Name: 2025-06-05 00:00:00, dtype: float64","Ticker
^VIX    17.08
Name: 2025-06-05 00:00:00, dtype: float64",18.48
2025-06-06,"Ticker
^VIX    18.16
Name: 2025-06-06 00:00:00, dtype: float64","Ticker
^VIX    18.35
Name: 2025-06-06 00:00:00, dtype: float64","Ticker
^VIX    16.65
Name: 2025-06-06 00:00:00, dtype: float64",16.77
2025-06-09,"Ticker
^VIX    17.69
Name: 2025-06-09 00:00:00, dtype: float64","Ticker
^VIX    17.72
Name: 2025-06-09 00:00:00, dtype: float64","Ticker
^VIX    16.82
Name: 2025-06-09 00:00:00, dtype: float64",17.16
2025-06-10,"Ticker
^VIX    17.5
Name: 2025-06-10 00:00:00, dtype: float64","Ticker
^VIX    17.99
Name: 2025-06-10 00:00:00, dtype: float64","Ticker
^VIX    16.68
Name: 2025-06-10 00:00:00, dtype: float64",16.95
2025-06-11,"Ticker
^VIX    17.04
Name: 2025-06-11 00:00:00, dtype: float64","Ticker
^VIX    18.09
Name: 2025-06-11 00:00:00, dtype: float64","Ticker
^VIX    16.23
Name: 2025-06-11 00:00:00, dtype: float64",17.26
2025-06-12,"Ticker
^VIX    17.87
Name: 2025-06-12 00:00:00, dtype: float64","Ticker
^VIX    18.87
Name: 2025-06-12 00:00:00, dtype: float64","Ticker
^VIX    17.43
Name: 2025-06-12 00:00:00, dtype: float64",18.02
2025-06-13,"Ticker
^VIX    21.76
Name: 2025-06-13 00:00:00, dtype: float64","Ticker
^VIX    22.0
Name: 2025-06-13 00:00:00, dtype: float64","Ticker
^VIX    18.88
Name: 2025-06-13 00:00:00, dtype: float64",20.82
2025-06-16,"Ticker
^VIX    19.78
Name: 2025-06-16 00:00:00, dtype: float64","Ticker
^VIX    20.22
Name: 2025-06-16 00:00:00, dtype: float64","Ticker
^VIX    18.67
Name: 2025-06-16 00:00:00, dtype: float64",19.11
2025-06-17,"Ticker
^VIX    20.53
Name: 2025-06-17 00:00:00, dtype: float64","Ticker
^VIX    21.79
Name: 2025-06-17 00:00:00, dtype: float64","Ticker
^VIX    19.55
Name: 2025-06-17 00:00:00, dtype: float64",21.6
2025-06-18,"Ticker
^VIX    20.9
Name: 2025-06-18 00:00:00, dtype: float64","Ticker
^VIX    21.58
Name: 2025-06-18 00:00:00, dtype: float64","Ticker
^VIX    19.59
Name: 2025-06-18 00:00:00, dtype: float64",20.14
2025-06-20,"Ticker
^VIX    20.74
Name: 2025-06-20 00:00:00, dtype: float64","Ticker
^VIX    21.07
Name: 2025-06-20 00:00:00, dtype: float64","Ticker
^VIX    19.11
Name: 2025-06-20 00:00:00, dtype: float64",20.62
2025-06-23,"Ticker
^VIX    21.15
Name: 2025-06-23 00:00:00, dtype: float64","Ticker
^VIX    22.51
Name: 2025-06-23 00:00:00, dtype: float64","Ticker
^VIX    19.82
Name: 2025-06-23 00:00:00, dtype: float64",19.83
2025-06-24,"Ticker
^VIX    18.19
Name: 2025-06-24 00:00:00, dtype: float64","Ticker
^VIX    18.72
Name: 2025-06-24 00:00:00, dtype: float64","Ticker
^VIX    17.33
Name: 2025-06-24 00:00:00, dtype: float64",17.48
2025-06-25,"Ticker
^VIX    17.28
Name: 2025-06-25 00:00:00, dtype: float64","Ticker
^VIX    17.51
Name: 2025-06-25 00:00:00, dtype: float64","Ticker
^VIX    16.68
Name: 2025-06-25 00:00:00, dtype: float64",16.76
2025-06-26,"Ticker
^VIX    16.67
Name: 2025-06-26 00:00:00, dtype: float64","Ticker
^VIX    16.78
Name: 2025-06-26 00:00:00, dtype: float64","Ticker
^VIX    16.11
Name: 2025-06-26 00:00:00, dtype: float64",16.59
2025-06-27,"Ticker
^VIX    16.31
Name: 2025-06-27 00:00:00, dtype: float64","Ticker
^VIX    17.29
Name: 2025-06-27 00:00:00, dtype: float64","Ticker
^VIX    16.12
Name: 2025-06-27 00:00:00, dtype: float64",16.32
2025-06-30,"Ticker
^VIX    17.19
Name: 2025-06-30 00:00:00, dtype: float64","Ticker
^VIX    17.43
Name: 2025-06-30 00:00:00, dtype: float64","Ticker
^VIX    16.55
Name: 2025-06-30 00:00:00, dtype: float64",16.73
2025-07-01,"Ticker
^VIX    16.98
Name: 2025-07-01 00:00:00, dtype: float64","Ticker
^VIX    17.48
Name: 2025-07-01 00:00:00, dtype: float64","Ticker
^VIX    16.51
Name: 2025-07-01 00:00:00, dtype: float64",16.83
2025-07-02,"Ticker
^VIX    16.75
Name: 2025-07-02 00:00:00, dtype: float64","Ticker
^VIX    17.37
Name: 2025-07-02 00:00:00, dtype: float64","Ticker
^VIX    16.54
Name: 2025-07-02 00:00:00, dtype: float64",16.64
2025-07-03,"Ticker
^VIX    16.65
Name: 2025-07-03 00:00:00, dtype: float64","Ticker
^VIX    16.83
Name: 2025-07-03 00:00:00, dtype: float64","Ticker
^VIX    16.14
Name: 2025-07-03 00:00:00, dtype: float64",16.38
2025-07-07,"Ticker
^VIX    17.83
Name: 2025-07-07 00:00:00, dtype: float64","Ticker
^VIX    18.5
Name: 2025-07-07 00:00:00, dtype: float64","Ticker
^VIX    17.51
Name: 2025-07-07 00:00:00, dtype: float64",17.79
2025-07-08,"Ticker
^VIX    17.41
Name: 2025-07-08 00:00:00, dtype: float64","Ticker
^VIX    17.44
Name: 2025-07-08 00:00:00, dtype: float64","Ticker
^VIX    16.54
Name: 2025-07-08 00:00:00, dtype: float64",16.81
2025-07-09,"Ticker
^VIX    16.76
Name: 2025-07-09 00:00:00, dtype: float64","Ticker
^VIX    16.76
Name: 2025-07-09 00:00:00, dtype: float64","Ticker
^VIX    15.76
Name: 2025-07-09 00:00:00, dtype: float64",15.94
2025-07-10,"Ticker
^VIX    16.23
Name: 2025-07-10 00:00:00, dtype: float64","Ticker
^VIX    16.24
Name: 2025-07-10 00:00:00, dtype: float64","Ticker
^VIX    15.7
Name: 2025-07-10 00:00:00, dtype: float64",15.78
2025-07-11,"Ticker
^VIX    16.41
Name: 2025-07-11 00:00:00, dtype: float64","Ticker
^VIX    17.24
Name: 2025-07-11 00:00:00, dtype: float64","Ticker
^VIX    15.98
Name: 2025-07-11 00:00:00, dtype: float64",16.4
2025-07-14,"Ticker
^VIX    17.73
Name: 2025-07-14 00:00:00, dtype: float64","Ticker
^VIX    17.85
Name: 2025-07-14 00:00:00, dtype: float64","Ticker
^VIX    16.91
Name: 2025-07-14 00:00:00, dtype: float64",17.2
2025-07-15,"Ticker
^VIX    16.89
Name: 2025-07-15 00:00:00, dtype: float64","Ticker
^VIX    17.39
Name: 2025-07-15 00:00:00, dtype: float64","Ticker
^VIX    16.56
Name: 2025-07-15 00:00:00, dtype: float64",17.38
2025-07-16,"Ticker
^VIX    17.66
Name: 2025-07-16 00:00:00, dtype: float64","Ticker
^VIX    19.48
Name: 2025-07-16 00:00:00, dtype: float64","Ticker
^VIX    16.69
Name: 2025-07-16 00:00:00, dtype: float64",17.16
2025-07-17,"Ticker
^VIX    17.16
Name: 2025-07-17 00:00:00, dtype: float64","Ticker
^VIX    17.37
Name: 2025-07-17 00:00:00, dtype: float64","Ticker
^VIX    16.48
Name: 2025-07-17 00:00:00, dtype: float64",16.52
2025-07-18,"Ticker
^VIX    16.43
Name: 2025-07-18 00:00:00, dtype: float64","Ticker
^VIX    16.81
Name: 2025-07-18 00:00:00, dtype: float64","Ticker
^VIX    16.28
Name: 2025-07-18 00:00:00, dtype: float64",16.41
2025-07-21,"Ticker
^VIX    16.87
Name: 2025-07-21 00:00:00, dtype: float64","Ticker
^VIX    16.99
Name: 2025-07-21 00:00:00, dtype: float64","Ticker
^VIX    16.3
Name: 2025-07-21 00:00:00, dtype: float64",16.65
2025-07-22,"Ticker
^VIX    16.75
Name: 2025-07-22 00:00:00, dtype: float64","Ticker
^VIX    17.48
Name: 2025-07-22 00:00:00, dtype: float64","Ticker
^VIX    16.43
Name: 2025-07-22 00:00:00, dtype: float64",16.5
2025-07-23,"Ticker
^VIX    16.23
Name: 2025-07-23 00:00:00, dtype: float64","Ticker
^VIX    16.32
Name: 2025-07-23 00:00:00, dtype: float64","Ticker
^VIX    15.32
Name: 2025-07-23 00:00:00, dtype: float64",15.37
2025-07-24,"Ticker
^VIX    15.39
Name: 2025-07-24 00:00:00, dtype: float64","Ticker
^VIX    15.54
Name: 2025-07-24 00:00:00, dtype: float64","Ticker
^VIX    14.95
Name: 2025-07-24 00:00:00, dtype: float64",15.39
2025-07-25,"Ticker
^VIX    15.33
Name: 2025-07-25 00:00:00, dtype: float64","Ticker
^VIX    15.39
Name: 2025-07-25 00:00:00, dtype: float64","Ticker
^VIX    14.92
Name: 2025-07-25 00:00:00, dtype: float64",14.93
2025-07-28,"Ticker
^VIX    15.15
Name: 2025-07-28 00:00:00, dtype: float64","Ticker
^VIX    15.54
Name: 2025-07-28 00:00:00, dtype: float64","Ticker
^VIX    15.0
Name: 2025-07-28 00:00:00, dtype: float64",15.03
2025-07-29,"Ticker
^VIX    14.95
Name: 2025-07-29 00:00:00, dtype: float64","Ticker
^VIX    16.12
Name: 2025-07-29 00:00:00, dtype: float64","Ticker
^VIX    14.7
Name: 2025-07-29 00:00:00, dtype: float64",15.98
2025-07-30,"Ticker
^VIX    15.87
Name: 2025-07-30 00:00:00, dtype: float64","Ticker
^VIX    17.27
Name: 2025-07-30 00:00:00, dtype: float64","Ticker
^VIX    15.44
Name: 2025-07-30 00:00:00, dtype: float64",15.48
2025-07-31,"Ticker
^VIX    14.99
Name: 2025-07-31 00:00:00, dtype: float64","Ticker
^VIX    17.17
Name: 2025-07-31 00:00:00, dtype: float64","Ticker
^VIX    14.74
Name: 2025-07-31 00:00:00, dtype: float64",16.72
2025-08-01,"Ticker
^VIX    17.4
Name: 2025-08-01 00:00:00, dtype: float64","Ticker
^VIX    21.9
Name: 2025-08-01 00:00:00, dtype: float64","Ticker
^VIX    17.39
Name: 2025-08-01 00:00:00, dtype: float64",20.38
2025-08-04,"Ticker
^VIX    19.56
Name: 2025-08-04 00:00:00, dtype: float64","Ticker
^VIX    19.58
Name: 2025-08-04 00:00:00, dtype: float64","Ticker
^VIX    17.48
Name: 2025-08-04 00:00:00, dtype: float64",17.52
2025-08-05,"Ticker
^VIX    17.21
Name: 2025-08-05 00:00:00, dtype: float64","Ticker
^VIX    18.94
Name: 2025-08-05 00:00:00, dtype: float64","Ticker
^VIX    17.11
Name: 2025-08-05 00:00:00, dtype: float64",17.85
2025-08-06,"Ticker
^VIX    17.22
Name: 2025-08-06 00:00:00, dtype: float64","Ticker
^VIX    17.88
Name: 2025-08-06 00:00:00, dtype: float64","Ticker
^VIX    16.56
Name: 2025-08-06 00:00:00, dtype: float64",16.77
2025-08-07,"Ticker
^VIX    16.41
Name: 2025-08-07 00:00:00, dtype: float64","Ticker
^VIX    17.64
Name: 2025-08-07 00:00:00, dtype: float64","Ticker
^VIX    15.98
Name: 2025-08-07 00:00:00, dtype: float64",16.57
2025-08-08,"Ticker
^VIX    16.48
Name: 2025-08-08 00:00:00, dtype: float64","Ticker
^VIX    16.52
Name: 2025-08-08 00:00:00, dtype: float64","Ticker
^VIX    15.15
Name: 2025-08-08 00:00:00, dtype: float64",15.15
2025-08-11,"Ticker
^VIX    15.81
Name: 2025-08-11 00:00:00, dtype: float64","Ticker
^VIX    16.36
Name: 2025-08-11 00:00:00, dtype: float64","Ticker
^VIX    15.52
Name: 2025-08-11 00:00:00, dtype: float64",16.25
2025-08-12,"Ticker
^VIX    16.09
Name: 2025-08-12 00:00:00, dtype: float64","Ticker
^VIX    16.56
Name: 2025-08-12 00:00:00, dtype: float64","Ticker
^VIX    14.66
Name: 2025-08-12 00:00:00, dtype: float64",14.73
2025-08-13,"Ticker
^VIX    14.62
Name: 2025-08-13 00:00:00, dtype: float64","Ticker
^VIX    14.81
Name: 2025-08-13 00:00:00, dtype: float64","Ticker
^VIX    14.3
Name: 2025-08-13 00:00:00, dtype: float64",14.49
2025-08-14,"Ticker
^VIX    14.66
Name: 2025-08-14 00:00:00, dtype: float64","Ticker
^VIX    15.39
Name: 2025-08-14 00:00:00, dtype: float64","Ticker
^VIX    14.57
Name: 2025-08-14 00:00:00, dtype: float64",14.83
2025-08-15,"Ticker
^VIX    14.43
Name: 2025-08-15 00:00:00, dtype: float64","Ticker
^VIX    15.18
Name: 2025-08-15 00:00:00, dtype: float64","Ticker
^VIX    14.4
Name: 2025-08-15 00:00:00, dtype: float64",15.09
2025-08-18,"Ticker
^VIX    15.73
Name: 2025-08-18 00:00:00, dtype: float64","Ticker
^VIX    15.95
Name: 2025-08-18 00:00:00, dtype: float64","Ticker
^VIX    14.95
Name: 2025-08-18 00:00:00, dtype: float64",14.99
2025-08-19,"Ticker
^VIX    15.23
Name: 2025-08-19 00:00:00, dtype: float64","Ticker
^VIX    15.91
Name: 2025-08-19 00:00:00, dtype: float64","Ticker
^VIX    14.76
Name: 2025-08-19 00:00:00, dtype: float64",15.57
2025-08-20,"Ticker
^VIX    15.95
Name: 2025-08-20 00:00:00, dtype: float64","Ticker
^VIX    17.19
Name: 2025-08-20 00:00:00, dtype: float64","Ticker
^VIX    15.57
Name: 2025-08-20 00:00:00, dtype: float64",15.69
2025-08-21,"Ticker
^VIX    15.72
Name: 2025-08-21 00:00:00, dtype: float64","Ticker
^VIX    17.24
Name: 2025-08-21 00:00:00, dtype: float64","Ticker
^VIX    15.65
Name: 2025-08-21 00:00:00, dtype: float64",16.6
2025-08-22,"Ticker
^VIX    16.81
Name: 2025-08-22 00:00:00, dtype: float64","Ticker
^VIX    16.83
Name: 2025-08-22 00:00:00, dtype: float64","Ticker
^VIX    14.21
Name: 2025-08-22 00:00:00, dtype: float64",14.22
2025-08-25,"Ticker
^VIX    15.05
Name: 2025-08-25 00:00:00, dtype: float64","Ticker
^VIX    15.19
Name: 2025-08-25 00:00:00, dtype: float64","Ticker
^VIX    14.24
Name: 2025-08-25 00:00:00, dtype: float64",14.79
2025-08-26,"Ticker
^VIX    15.75
Name: 2025-08-26 00:00:00, dtype: float64","Ticker
^VIX    15.75
Name: 2025-08-26 00:00:00, dtype: float64","Ticker
^VIX    14.62
Name: 2025-08-26 00:00:00, dtype: float64",14.62
2025-08-27,"Ticker
^VIX    14.66
Name: 2025-08-27 00:00:00, dtype: float64","Ticker
^VIX    15.23
Name: 2025-08-27 00:00:00, dtype: float64","Ticker
^VIX    14.66
Name: 2025-08-27 00:00:00, dtype: float64",14.85
2025-08-28,"Ticker
^VIX    14.42
Name: 2025-08-28 00:00:00, dtype: float64","Ticker
^VIX    14.69
Name: 2025-08-28 00:00:00, dtype: float64","Ticker
^VIX    14.12
Name: 2025-08-28 00:00:00, dtype: float64",14.43
2025-08-29,"Ticker
^VIX    14.31
Name: 2025-08-29 00:00:00, dtype: float64","Ticker
^VIX    15.97
Name: 2025-08-29 00:00:00, dtype: float64","Ticker
^VIX    14.31
Name: 2025-08-29 00:00:00, dtype: float64",15.36
2025-09-02,"Ticker
^VIX    16.65
Name: 2025-09-02 00:00:00, dtype: float64","Ticker
^VIX    19.38
Name: 2025-09-02 00:00:00, dtype: float64","Ticker
^VIX    16.55
Name: 2025-09-02 00:00:00, dtype: float64",17.17
2025-09-03,"Ticker
^VIX    17.4
Name: 2025-09-03 00:00:00, dtype: float64","Ticker
^VIX    17.57
Name: 2025-09-03 00:00:00, dtype: float64","Ticker
^VIX    16.34
Name: 2025-09-03 00:00:00, dtype: float64",16.35
2025-09-04,"Ticker
^VIX    16.22
Name: 2025-09-04 00:00:00, dtype: float64","Ticker
^VIX    16.35
Name: 2025-09-04 00:00:00, dtype: float64","Ticker
^VIX    15.28
Name: 2025-09-04 00:00:00, dtype: float64",15.3
2025-09-05,"Ticker
^VIX    15.23
Name: 2025-09-05 00:00:00, dtype: float64","Ticker
^VIX    16.92
Name: 2025-09-05 00:00:00, dtype: float64","Ticker
^VIX    14.74
Name: 2025-09-05 00:00:00, dtype: float64",15.18
2025-09-08,"Ticker
^VIX    15.58
Name: 2025-09-08 00:00:00, dtype: float64","Ticker
^VIX    15.65
Name: 2025-09-08 00:00:00, dtype: float64","Ticker
^VIX    14.99
Name: 2025-09-08 00:00:00, dtype: float64",15.11
2025-09-09,"Ticker
^VIX    15.02
Name: 2025-09-09 00:00:00, dtype: float64","Ticker
^VIX    15.82
Name: 2025-09-09 00:00:00, dtype: float64","Ticker
^VIX    14.97
Name: 2025-09-09 00:00:00, dtype: float64",15.04
2025-09-10,"Ticker
^VIX    14.98
Name: 2025-09-10 00:00:00, dtype: float64","Ticker
^VIX    15.63
Name: 2025-09-10 00:00:00, dtype: float64","Ticker
^VIX    14.63
Name: 2025-09-10 00:00:00, dtype: float64",15.35
2025-09-11,"Ticker
^VIX    15.19
Name: 2025-09-11 00:00:00, dtype: float64","Ticker
^VIX    15.24
Name: 2025-09-11 00:00:00, dtype: float64","Ticker
^VIX    14.65
Name: 2025-09-11 00:00:00, dtype: float64",14.71
2025-09-12,"Ticker
^VIX    14.62
Name: 2025-09-12 00:00:00, dtype: float64","Ticker
^VIX    14.97
Name: 2025-09-12 00:00:00, dtype: float64","Ticker
^VIX    14.41
Name: 2025-09-12 00:00:00, dtype: float64",14.76
2025-09-15,"Ticker
^VIX    15.14
Name: 2025-09-15 00:00:00, dtype: float64","Ticker
^VIX    15.84
Name: 2025-09-15 00:00:00, dtype: float64","Ticker
^VIX    14.92
Name: 2025-09-15 00:00:00, dtype: float64",15.69
2025-09-16,"Ticker
^VIX    15.6
Name: 2025-09-16 00:00:00, dtype: float64","Ticker
^VIX    16.38
Name: 2025-09-16 00:00:00, dtype: float64","Ticker
^VIX    15.44
Name: 2025-09-16 00:00:00, dtype: float64",16.36
2025-09-17,"Ticker
^VIX    16.42
Name: 2025-09-17 00:00:00, dtype: float64","Ticker
^VIX    16.75
Name: 2025-09-17 00:00:00, dtype: float64","Ticker
^VIX    15.26
Name: 2025-09-17 00:00:00, dtype: float64",15.72
2025-09-18,"Ticker
^VIX    14.93
Name: 2025-09-18 00:00:00, dtype: float64","Ticker
^VIX    15.8
Name: 2025-09-18 00:00:00, dtype: float64","Ticker
^VIX    14.33
Name: 2025-09-18 00:00:00, dtype: float64",15.7
2025-09-19,"Ticker
^VIX    15.76
Name: 2025-09-19 00:00:00, dtype: float64","Ticker
^VIX    16.13
Name: 2025-09-19 00:00:00, dtype: float64","Ticker
^VIX    15.29
Name: 2025-09-19 00:00:00, dtype: float64",15.45
2025-09-22,"Ticker
^VIX    16.14
Name: 2025-09-22 00:00:00, dtype: float64","Ticker
^VIX    16.35
Name: 2025-09-22 00:00:00, dtype: float64","Ticker
^VIX    15.78
Name: 2025-09-22 00:00:00, dtype: float64",16.1
2025-09-23,"Ticker
^VIX    16.1
Name: 2025-09-23 00:00:00, dtype: float64","Ticker
^VIX    17.07
Name: 2025-09-23 00:00:00, dtype: float64","Ticker
^VIX    15.95
Name: 2025-09-23 00:00:00, dtype: float64",16.64
2025-09-24,"Ticker
^VIX    16.57
Name: 2025-09-24 00:00:00, dtype: float64","Ticker
^VIX    17.21
Name: 2025-09-24 00:00:00, dtype: float64","Ticker
^VIX    16.18
Name: 2025-09-24 00:00:00, dtype: float64",16.18
2025-09-25,"Ticker
^VIX    16.55
Name: 2025-09-25 00:00:00, dtype: float64","Ticker
^VIX    17.74
Name: 2025-09-25 00:00:00, dtype: float64","Ticker
^VIX    16.32
Name: 2025-09-25 00:00:00, dtype: float64",16.74
2025-09-26,"Ticker
^VIX    16.89
Name: 2025-09-26 00:00:00, dtype: float64","Ticker
^VIX    17.05
Name: 2025-09-26 00:00:00, dtype: float64","Ticker
^VIX    15.29
Name: 2025-09-26 00:00:00, dtype: float64",15.29
2025-09-29,"Ticker
^VIX    15.84
Name: 2025-09-29 00:00:00, dtype: float64","Ticker
^VIX    16.29
Name: 2025-09-29 00:00:00, dtype: float64","Ticker
^VIX    15.74
Name: 2025-09-29 00:00:00, dtype: float64",16.12
2025-09-30,"Ticker
^VIX    16.49
Name: 2025-09-30 00:00:00, dtype: float64","Ticker
^VIX    16.7
Name: 2025-09-30 00:00:00, dtype: float64","Ticker
^VIX    16.02
Name: 2025-09-30 00:00:00, dtype: float64",16.28
2025-10-01,"Ticker
^VIX    17.28
Name: 2025-10-01 00:00:00, dtype: float64","Ticker
^VIX    17.28
Name: 2025-10-01 00:00:00, dtype: float64","Ticker
^VIX    15.98
Name: 2025-10-01 00:00:00, dtype: float64",16.29
2025-10-02,"Ticker
^VIX    16.12
Name: 2025-10-02 00:00:00, dtype: float64","Ticker
^VIX    16.92
Name: 2025-10-02 00:00:00, dtype: float64","Ticker
^VIX    15.93
Name: 2025-10-02 00:00:00, dtype: float64",16.63
2025-10-03,"Ticker
^VIX    16.35
Name: 2025-10-03 00:00:00, dtype: float64","Ticker
^VIX    17.06
Name: 2025-10-03 00:00:00, dtype: float64","Ticker
^VIX    16.2
Name: 2025-10-03 00:00:00, dtype: float64",16.65
2025-10-06,"Ticker
^VIX    16.74
Name: 2025-10-06 00:00:00, dtype: float64","Ticker
^VIX    17.09
Name: 2025-10-06 00:00:00, dtype: float64","Ticker
^VIX    16.29
Name: 2025-10-06 00:00:00, dtype: float64",16.37
2025-10-07,"Ticker
^VIX    16.58
Name: 2025-10-07 00:00:00, dtype: float64","Ticker
^VIX    17.55
Name: 2025-10-07 00:00:00, dtype: float64","Ticker
^VIX    16.19
Name: 2025-10-07 00:00:00, dtype: float64",17.24
2025-10-08,"Ticker
^VIX    17.17
Name: 2025-10-08 00:00:00, dtype: float64","Ticker
^VIX    17.2
Name: 2025-10-08 00:00:00, dtype: float64","Ticker
^VIX    16.23
Name: 2025-10-08 00:00:00, dtype: float64",16.3
2025-10-09,"Ticker
^VIX    16.31
Name: 2025-10-09 00:00:00, dtype: float64","Ticker
^VIX    17.27
Name: 2025-10-09 00:00:00, dtype: float64","Ticker
^VIX    16.26
Name: 2025-10-09 00:00:00, dtype: float64",16.43
2025-10-10,"Ticker
^VIX    16.36
Name: 2025-10-10 00:00:00, dtype: float64","Ticker
^VIX    22.44
Name: 2025-10-10 00:00:00, dtype: float64","Ticker
^VIX    16.23
Name: 2025-10-10 00:00:00, dtype: float64",21.66
2025-10-13,"Ticker
^VIX    19.45
Name: 2025-10-13 00:00:00, dtype: float64","Ticker
^VIX    20.77
Name: 2025-10-13 00:00:00, dtype: float64","Ticker
^VIX    18.61
Name: 2025-10-13 00:00:00, dtype: float64",19.03
2025-10-14,"Ticker
^VIX    21.46
Name: 2025-10-14 00:00:00, dtype: float64","Ticker
^VIX    22.94
Name: 2025-10-14 00:00:00, dtype: float64","Ticker
^VIX    19.18
Name: 2025-10-14 00:00:00, dtype: float64",20.81
2025-10-15,"Ticker
^VIX    20.02
Name: 2025-10-15 00:00:00, dtype: float64","Ticker
^VIX    22.44
Name: 2025-10-15 00:00:00, dtype: float64","Ticker
^VIX    19.11
Name: 2025-10-15 00:00:00, dtype: float64",20.64
2025-10-16,"Ticker
^VIX    20.49
Name: 2025-10-16 00:00:00, dtype: float64","Ticker
^VIX    25.43
Name: 2025-10-16 00:00:00, dtype: float64","Ticker
^VIX    19.85
Name: 2025-10-16 00:00:00, dtype: float64",25.31
2025-10-17,"Ticker
^VIX    28.41
Name: 2025-10-17 00:00:00, dtype: float64","Ticker
^VIX    28.99
Name: 2025-10-17 00:00:00, dtype: float64","Ticker
^VIX    20.73
Name: 2025-10-17 00:00:00, dtype: float64",20.78
2025-10-20,"Ticker
^VIX    20.53
Name: 2025-10-20 00:00:00, dtype: float64","Ticker
^VIX    21.02
Name: 2025-10-20 00:00:00, dtype: float64","Ticker
^VIX    18.23
Name: 2025-10-20 00:00:00, dtype: float64",18.23
2025-10-21,"Ticker
^VIX    18.65
Name: 2025-10-21 00:00:00, dtype: float64","Ticker
^VIX    18.89
Name: 2025-10-21 00:00:00, dtype: float64","Ticker
^VIX    17.4
Name: 2025-10-21 00:00:00, dtype: float64",17.87
2025-10-22,"Ticker
^VIX    17.84
Name: 2025-10-22 00:00:00, dtype: float64","Ticker
^VIX    21.01
Name: 2025-10-22 00:00:00, dtype: float64","Ticker
^VIX    17.73
Name: 2025-10-22 00:00:00, dtype: float64",18.6
2025-10-23,"Ticker
^VIX    18.36
Name: 2025-10-23 00:00:00, dtype: float64","Ticker
^VIX    19.35
Name: 2025-10-23 00:00:00, dtype: float64","Ticker
^VIX    17.08
Name: 2025-10-23 00:00:00, dtype: float64",17.3
2025-10-24,"Ticker
^VIX    17.02
Name: 2025-10-24 00:00:00, dtype: float64","Ticker
^VIX    17.22
Name: 2025-10-24 00:00:00, dtype: float64","Ticker
^VIX    16.02
Name: 2025-10-24 00:00:00, dtype: float64",16.37
2025-10-27,"Ticker
^VIX    15.73
Name: 2025-10-27 00:00:00, dtype: float64","Ticker
^VIX    16.07
Name: 2025-10-27 00:00:00, dtype: float64","Ticker
^VIX    15.62
Name: 2025-10-27 00:00:00, dtype: float64",15.79
2025-10-28,"Ticker
^VIX    15.95
Name: 2025-10-28 00:00:00, dtype: float64","Ticker
^VIX    16.55
Name: 2025-10-28 00:00:00, dtype: float64","Ticker
^VIX    15.66
Name: 2025-10-28 00:00:00, dtype: float64",16.42
2025-10-29,"Ticker
^VIX    16.34
Name: 2025-10-29 00:00:00, dtype: float64","Ticker
^VIX    17.58
Name: 2025-10-29 00:00:00, dtype: float64","Ticker
^VIX    16.26
Name: 2025-10-29 00:00:00, dtype: float64",16.92
2025-10-30,"Ticker
^VIX    16.26
Name: 2025-10-30 00:00:00, dtype: float64","Ticker
^VIX    17.41
Name: 2025-10-30 00:00:00, dtype: float64","Ticker
^VIX    15.73
Name: 2025-10-30 00:00:00, dtype: float64",16.91
2025-10-31,"Ticker
^VIX    16.43
Name: 2025-10-31 00:00:00, dtype: float64","Ticker
^VIX    18.54
Name: 2025-10-31 00:00:00, dtype: float64","Ticker
^VIX    15.96
Name: 2025-10-31 00:00:00, dtype: float64",17.44
2025-11-03,"Ticker
^VIX    18.06
Name: 2025-11-03 00:00:00, dtype: float64","Ticker
^VIX    18.83
Name: 2025-11-03 00:00:00, dtype: float64","Ticker
^VIX    17.0
Name: 2025-11-03 00:00:00, dtype: float64",17.17
2025-11-04,"Ticker
^VIX    19.73
Name: 2025-11-04 00:00:00, dtype: float64","Ticker
^VIX    20.48
Name: 2025-11-04 00:00:00, dtype: float64","Ticker
^VIX    17.9
Name: 2025-11-04 00:00:00, dtype: float64",19.0
2025-11-05,"Ticker
^VIX    19.37
Name: 2025-11-05 00:00:00, dtype: float64","Ticker
^VIX    20.02
Name: 2025-11-05 00:00:00, dtype: float64","Ticker
^VIX    17.31
Name: 2025-11-05 00:00:00, dtype: float64",18.01
2025-11-06,"Ticker
^VIX    18.36
Name: 2025-11-06 00:00:00, dtype: float64","Ticker
^VIX    20.31
Name: 2025-11-06 00:00:00, dtype: float64","Ticker
^VIX    17.64
Name: 2025-11-06 00:00:00, dtype: float64",19.5
2025-11-07,"Ticker
^VIX    19.52
Name: 2025-11-07 00:00:00, dtype: float64","Ticker
^VIX    22.72
Name: 2025-11-07 00:00:00, dtype: float64","Ticker
^VIX    19.08
Name: 2025-11-07 00:00:00, dtype: float64",19.08
2025-11-10,"Ticker
^VIX    18.58
Name: 2025-11-10 00:00:00, dtype: float64","Ticker
^VIX    18.82
Name: 2025-11-10 00:00:00, dtype: float64","Ticker
^VIX    17.6
Name: 2025-11-10 00:00:00, dtype: float64",17.6
2025-11-11,"Ticker
^VIX    17.9
Name: 2025-11-11 00:00:00, dtype: float64","Ticker
^VIX    18.01
Name: 2025-11-11 00:00:00, dtype: float64","Ticker
^VIX    17.25
Name: 2025-11-11 00:00:00, dtype: float64",17.28
2025-11-12,"Ticker
^VIX    17.21
Name: 2025-11-12 00:00:00, dtype: float64","Ticker
^VIX    18.06
Name: 2025-11-12 00:00:00, dtype: float64","Ticker
^VIX    17.1
Name: 2025-11-12 00:00:00, dtype: float64",17.51
2025-11-13,"Ticker
^VIX    17.61
Name: 2025-11-13 00:00:00, dtype: float64","Ticker
^VIX    21.31
Name: 2025-11-13 00:00:00, dtype: float64","Ticker
^VIX    17.51
Name: 2025-11-13 00:00:00, dtype: float64",20.0
2025-11-14,"Ticker
^VIX    21.33
Name: 2025-11-14 00:00:00, dtype: float64","Ticker
^VIX    23.03
Name: 2025-11-14 00:00:00, dtype: float64","Ticker
^VIX    19.56
Name: 2025-11-14 00:00:00, dtype: float64",19.83
2025-11-17,"Ticker
^VIX    19.58
Name: 2025-11-17 00:00:00, dtype: float64","Ticker
^VIX    23.44
Name: 2025-11-17 00:00:00, dtype: float64","Ticker
^VIX    19.54
Name: 2025-11-17 00:00:00, dtype: float64",22.38
2025-11-18,"Ticker
^VIX    23.54
Name: 2025-11-18 00:00:00, dtype: float64","Ticker
^VIX    25.84
Name: 2025-11-18 00:00:00, dtype: float64","Ticker
^VIX    22.91
Name: 2025-11-18 00:00:00, dtype: float64",24.69
2025-11-19,"Ticker
^VIX    24.52
Name: 2025-11-19 00:00:00, dtype: float64","Ticker
^VIX    24.79
Name: 2025-11-19 00:00:00, dtype: float64","Ticker
^VIX    21.93
Name: 2025-11-19 00:00:00, dtype: float64",23.66
2025-11-20,"Ticker
^VIX    20.78
Name: 2025-11-20 00:00:00, dtype: float64","Ticker
^VIX    28.27
Name: 2025-11-20 00:00:00, dtype: float64","Ticker
^VIX    19.28
Name: 2025-11-20 00:00:00, dtype: float64",26.42
2025-11-21,"Ticker
^VIX    25.97
Name: 2025-11-21 00:00:00, dtype: float64","Ticker
^VIX    27.84
Name: 2025-11-21 00:00:00, dtype: float64","Ticker
^VIX    22.54
Name: 2025-11-21 00:00:00, dtype: float64",23.43
2025-11-24,"Ticker
^VIX    22.69
Name: 2025-11-24 00:00:00, dtype: float64","Ticker
^VIX    23.68
Name: 2025-11-24 00:00:00, dtype: float64","Ticker
^VIX    20.41
Name: 2025-11-24 00:00:00, dtype: float64",20.52
2025-11-25,"Ticker
^VIX    20.55
Name: 2025-11-25 00:00:00, dtype: float64","Ticker
^VIX    21.77
Name: 2025-11-25 00:00:00, dtype: float64","Ticker
^VIX    18.39
Name: 2025-11-25 00:00:00, dtype: float64",18.56
2025-11-26,"Ticker
^VIX    18.25
Name: 2025-11-26 00:00:00, dtype: float64","Ticker
^VIX    18.7
Name: 2025-11-26 00:00:00, dtype: float64","Ticker
^VIX    16.93
Name: 2025-11-26 00:00:00, dtype: float64",17.19
2025-11-28,"Ticker
^VIX    17.41
Name: 2025-11-28 00:00:00, dtype: float64","Ticker
^VIX    18.52
Name: 2025-11-28 00:00:00, dtype: float64","Ticker
^VIX    15.78
Name: 2025-11-28 00:00:00, dtype: float64",16.35
2025-12-01,"Ticker
^VIX    18.05
Name: 2025-12-01 00:00:00, dtype: float64","Ticker
^VIX    18.33
Name: 2025-12-01 00:00:00, dtype: float64","Ticker
^VIX    16.58
Name: 2025-12-01 00:00:00, dtype: float64",17.24
2025-12-02,"Ticker
^VIX    17.28
Name: 2025-12-02 00:00:00, dtype: float64","Ticker
^VIX    17.31
Name: 2025-12-02 00:00:00, dtype: float64","Ticker
^VIX    16.39
Name: 2025-12-02 00:00:00, dtype: float64",16.59
2025-12-03,"Ticker
^VIX    16.43
Name: 2025-12-03 00:00:00, dtype: float64","Ticker
^VIX    17.28
Name: 2025-12-03 00:00:00, dtype: float64","Ticker
^VIX    15.93
Name: 2025-12-03 00:00:00, dtype: float64",16.08
2025-12-04,"Ticker
^VIX    16.23
Name: 2025-12-04 00:00:00, dtype: float64","Ticker
^VIX    16.63
Name: 2025-12-04 00:00:00, dtype: float64","Ticker
^VIX    15.68
Name: 2025-12-04 00:00:00, dtype: float64",15.78
2025-12-05,"Ticker
^VIX    15.58
Name: 2025-12-05 00:00:00, dtype: float64","Ticker
^VIX    16.18
Name: 2025-12-05 00:00:00, dtype: float64","Ticker
^VIX    15.28
Name: 2025-12-05 00:00:00, dtype: float64",15.41
2025-12-08,"Ticker
^VIX    16.15
Name: 2025-12-08 00:00:00, dtype: float64","Ticker
^VIX    17.09
Name: 2025-12-08 00:00:00, dtype: float64","Ticker
^VIX    16.1
Name: 2025-12-08 00:00:00, dtype: float64",16.66
2025-12-09,"Ticker
^VIX    16.66
Name: 2025-12-09 00:00:00, dtype: float64","Ticker
^VIX    17.2
Name: 2025-12-09 00:00:00, dtype: float64","Ticker
^VIX    16.45
Name: 2025-12-09 00:00:00, dtype: float64",16.93
2025-12-10,"Ticker
^VIX    16.94
Name: 2025-12-10 00:00:00, dtype: float64","Ticker
^VIX    17.66
Name: 2025-12-10 00:00:00, dtype: float64","Ticker
^VIX    15.56
Name: 2025-12-10 00:00:00, dtype: float64",15.77
2025-12-11,"Ticker
^VIX    16.84
Name: 2025-12-11 00:00:00, dtype: float64","Ticker
^VIX    16.88
Name: 2025-12-11 00:00:00, dtype: float64","Ticker
^VIX    14.85
Name: 2025-12-11 00:00:00, dtype: float64",14.85
2025-12-12,"Ticker
^VIX    14.99
Name: 2025-12-12 00:00:00, dtype: float64","Ticker
^VIX    17.85
Name: 2025-12-12 00:00:00, dtype: float64","Ticker
^VIX    14.85
Name: 2025-12-12 00:00:00, dtype: float64",15.74
2025-12-15,"Ticker
^VIX    16.51
Name: 2025-12-15 00:00:00, dtype: float64","Ticker
^VIX    17.35
Name: 2025-12-15 00:00:00, dtype: float64","Ticker
^VIX    15.99
Name: 2025-12-15 00:00:00, dtype: float64",16.5
2025-12-16,"Ticker
^VIX    17.28
Name: 2025-12-16 00:00:00, dtype: float64","Ticker
^VIX    17.61
Name: 2025-12-16 00:00:00, dtype: float64","Ticker
^VIX    16.19
Name: 2025-12-16 00:00:00, dtype: float64",16.48
2025-12-17,"Ticker
^VIX    16.45
Name: 2025-12-17 00:00:00, dtype: float64","Ticker
^VIX    18.0
Name: 2025-12-17 00:00:00, dtype: float64","Ticker
^VIX    15.82
Name: 2025-12-17 00:00:00, dtype: float64",17.62
2025-12-18,"Ticker
^VIX    17.61
Name: 2025-12-18 00:00:00, dtype: float64","Ticker
^VIX    17.68
Name: 2025-12-18 00:00:00, dtype: float64","Ticker
^VIX    15.93
Name: 2025-12-18 00:00:00, dtype: float64",16.87
2025-12-19,"Ticker
^VIX    16.31
Name: 2025-12-19 00:00:00, dtype: float64","Ticker
^VIX    16.53
Name: 2025-12-19 00:00:00, dtype: float64","Ticker
^VIX    14.91
Name: 2025-12-19 00:00:00, dtype: float64",14.91
2025-12-22,"Ticker
^VIX    15.16
Name: 2025-12-22 00:00:00, dtype: float64","Ticker
^VIX    15.26
Name: 2025-12-22 00:00:00, dtype: float64","Ticker
^VIX    14.03
Name: 2025-12-22 00:00:00, dtype: float64",14.08
2025-12-23,"Ticker
^VIX    14.09
Name: 2025-12-23 00:00:00, dtype: float64","Ticker
^VIX    14.45
Name: 2025-12-23 00:00:00, dtype: float64","Ticker
^VIX    13.64
Name: 2025-12-23 00:00:00, dtype: float64",14.0
2025-12-24,"Ticker
^VIX    14.09
Name: 2025-12-24 00:00:00, dtype: float64","Ticker
^VIX    14.16
Name: 2025-12-24 00:00:00, dtype: float64","Ticker
^VIX    13.38
Name: 2025-12-24 00:00:00, dtype: float64",13.47
2025-12-26,"Ticker
^VIX    14.12
Name: 2025-12-26 00:00:00, dtype: float64","Ticker
^VIX    14.29
Name: 2025-12-26 00:00:00, dtype: float64","Ticker
^VIX    13.52
Name: 2025-12-26 00:00:00, dtype: float64",13.6
2025-12-29,"Ticker
^VIX    14.69
Name: 2025-12-29 00:00:00, dtype: float64","Ticker
^VIX    15.08
Name: 2025-12-29 00:00:00, dtype: float64","Ticker
^VIX    13.99
Name: 2025-12-29 00:00:00, dtype: float64",14.2
2025-12-30,"Ticker
^VIX    14.43
Name: 2025-12-30 00:00:00, dtype: float64","Ticker
^VIX    14.62
Name: 2025-12-30 00:00:00, dtype: float64","Ticker
^VIX    14.04
Name: 2025-12-30 00:00:00, dtype: float64",14.33
2025-12-31,"Ticker
^VIX    14.77
Name: 2025-12-31 00:00:00, dtype: float64","Ticker
^VIX    15.17
Name: 2025-12-31 00:00:00, dtype: float64","Ticker
^VIX    14.38
Name: 2025-12-31 00:00:00, dtype: float64",14.95
2026-01-02,"Ticker
^VIX    14.85
Name: 2026-01-02 00:00:00, dtype: float64","Ticker
^VIX    15.42
Name: 2026-01-02 00:00:00, dtype: float64","Ticker
^VIX    14.46
Name: 2026-01-02 00:00:00, dtype: float64",14.51
2026-01-05,"Ticker
^VIX    15.14
Name: 2026-01-05 00:00:00, dtype: float64","Ticker
^VIX    15.27
Name: 2026-01-05 00:00:00, dtype: float64","Ticker
^VIX    14.65
Name: 2026-01-05 00:00:00, dtype: float64",14.9
2026-01-06,"Ticker
^VIX    15.0
Name: 2026-01-06 00:00:00, dtype: float64","Ticker
^VIX    15.21
Name: 2026-01-06 00:00:00, dtype: float64","Ticker
^VIX    14.63
Name: 2026-01-06 00:00:00, dtype: float64",14.75
2026-01-07,"Ticker
^VIX    14.95
Name: 2026-01-07 00:00:00, dtype: float64","Ticker
^VIX    15.48
Name: 2026-01-07 00:00:00, dtype: float64","Ticker
^VIX    14.83
Name: 2026-01-07 00:00:00, dtype: float64",15.38
2026-01-08,"Ticker
^VIX    15.69
Name: 2026-01-08 00:00:00, dtype: float64","Ticker
^VIX    15.85
Name: 2026-01-08 00:00:00, dtype: float64","Ticker
^VIX    15.15
Name: 2026-01-08 00:00:00, dtype: float64",15.45
2026-01-09,"Ticker
^VIX    15.68
Name: 2026-01-09 00:00:00, dtype: float64","Ticker
^VIX    15.81
Name: 2026-01-09 00:00:00, dtype: float64","Ticker
^VIX    14.43
Name: 2026-01-09 00:00:00, dtype: float64",14.49
2026-01-12,"Ticker
^VIX    16.06
Name: 2026-01-12 00:00:00, dtype: float64","Ticker
^VIX    16.66
Name: 2026-01-12 00:00:00, dtype: float64","Ticker
^VIX    15.03
Name: 2026-01-12 00:00:00, dtype: float64",15.12
2026-01-13,"Ticker
^VIX    15.36
Name: 2026-01-13 00:00:00, dtype: float64","Ticker
^VIX    16.5
Name: 2026-01-13 00:00:00, dtype: float64","Ticker
^VIX    14.75
Name: 2026-01-13 00:00:00, dtype: float64",15.98
2026-01-14,"Ticker
^VIX    16.33
Name: 2026-01-14 00:00:00, dtype: float64","Ticker
^VIX    18.1
Name: 2026-01-14 00:00:00, dtype: float64","Ticker
^VIX    16.22
Name: 2026-01-14 00:00:00, dtype: float64",16.75
2026-01-15,"Ticker
^VIX    16.52
Name: 2026-01-15 00:00:00, dtype: float64","Ticker
^VIX    16.54
Name: 2026-01-15 00:00:00, dtype: float64","Ticker
^VIX    15.3
Name: 2026-01-15 00:00:00, dtype: float64",15.84
2026-01-16,"Ticker
^VIX    15.44
Name: 2026-01-16 00:00:00, dtype: float64","Ticker
^VIX    16.29
Name: 2026-01-16 00:00:00, dtype: float64","Ticker
^VIX    15.3
Name: 2026-01-16 00:00:00, dtype: float64",15.86
2026-01-20,"Ticker
^VIX    19.94
Name: 2026-01-20 00:00:00, dtype: float64","Ticker
^VIX    20.99
Name: 2026-01-20 00:00:00, dtype: float64","Ticker
^VIX    18.64
Name: 2026-01-20 00:00:00, dtype: float64",20.09
2026-01-21,"Ticker
^VIX    19.31
Name: 2026-01-21 00:00:00, dtype: float64","Ticker
^VIX    20.81
Name: 2026-01-21 00:00:00, dtype: float64","Ticker
^VIX    16.67
Name: 2026-01-21 00:00:00, dtype: float64",16.9
2026-01-22,"Ticker
^VIX    16.65
Name: 2026-01-22 00:00:00, dtype: float64","Ticker
^VIX    16.67
Name: 2026-01-22 00:00:00, dtype: float64","Ticker
^VIX    15.27
Name: 2026-01-22 00:00:00, dtype: float64","Ticker
^VIX    15.64
Name: 2026-01-22 00:00:00, dtype: float64"
